timestamp,coin_name,open_price,close_price,high_price,low_price,volume,market_cap
2025-01-01 00:00:00,Bitcoin,42000.0,41946.3105,42088.1353,41811.1364,92110,798977342161
2025-01-01 01:00:00,Bitcoin,41946.3105,41946.1103,42083.2305,41734.1577,106004,798973528872
2025-01-01 02:00:00,Bitcoin,41946.1103,41821.6838,42093.5885,41770.8315,97572,796603501287
2025-01-01 03:00:00,Bitcoin,41821.6838,41932.0646,42031.5125,41703.6053,84734,798705993074
2025-01-01 04:00:00,Bitcoin,41932.0646,42135.2152,42170.549,41592.9509,99546,802575527717
2025-01-01 05:00:00,Bitcoin,42135.2152,41842.2223,42340.2007,41626.8106,95835,796994709673
2025-01-01 06:00:00,Bitcoin,41842.2223,42228.8274,42353.5387,41691.3272,79355,804358617422
2025-01-01 07:00:00,Bitcoin,42228.8274,41664.3751,42498.4976,41360.2884,96705,793607144180
2025-01-01 08:00:00,Bitcoin,41664.3751,41659.4421,41818.7077,41648.6727,82916,793513183055
2025-01-01 09:00:00,Bitcoin,41659.4421,41668.8164,42033.1179,41542.4526,94753,793691740344
2025-01-01 10:00:00,Bitcoin,41668.8164,41927.0404,42023.6529,41553.9049,98676,798610292658
2025-01-01 11:00:00,Bitcoin,41927.0404,41299.4518,42073.9893,41228.5954,111930,786656224740
2025-01-01 12:00:00,Bitcoin,41299.4518,40481.6675,41369.7091,40194.3038,96165,771079380736
2025-01-01 13:00:00,Bitcoin,40481.6675,39926.4358,40528.2234,39882.5399,88200,760503538979
2025-01-01 14:00:00,Bitcoin,39926.4358,39933.1804,40026.0628,39674.3116,115033,760632007701
2025-01-01 15:00:00,Bitcoin,39933.1804,40048.7581,40217.1663,39876.418,82219,762833486834
2025-01-01 16:00:00,Bitcoin,40048.7581,40459.3754,40590.727,40017.8951,98039,770654768575
2025-01-01 17:00:00,Bitcoin,40459.3754,40290.3097,40697.7076,40024.8474,106694,767434470476
2025-01-01 18:00:00,Bitcoin,40290.3097,40607.1438,40686.8668,40218.8746,93263,773469406420
2025-01-01 19:00:00,Bitcoin,40607.1438,41520.3065,41711.5955,40567.6067,95280,790862981436
2025-01-01 20:00:00,Bitcoin,41520.3065,41603.9585,41736.0359,41423.5906,104863,792456351682
2025-01-01 21:00:00,Bitcoin,41603.9585,42150.1463,42254.2796,41306.3574,95418,802859930272
2025-01-01 22:00:00,Bitcoin,42150.1463,42252.2389,42470.5919,41994.29,87664,804804549986
2025-01-01 23:00:00,Bitcoin,42252.2389,42277.0937,42307.2286,42249.8861,117475,805277975288
2025-01-02 00:00:00,Bitcoin,42277.0937,41886.4534,42442.4537,41786.2665,99241,797837207333
2025-01-02 01:00:00,Bitcoin,41886.4534,42156.5732,42286.6924,41681.5197,102836,802982346015
2025-01-02 02:00:00,Bitcoin,42156.5732,41951.8328,42174.9991,41841.5344,89220,799082528810
2025-01-02 03:00:00,Bitcoin,41951.8328,41835.0681,42036.1376,41673.7548,103733,796858440260
2025-01-02 04:00:00,Bitcoin,41835.0681,41983.1286,42000.2342,41777.9261,87564,799678640080
2025-01-02 05:00:00,Bitcoin,41983.1286,41825.1174,42002.8766,41776.7393,84638,796668903571
2025-01-02 06:00:00,Bitcoin,41825.1174,41076.1337,41884.4435,40908.055,110919,782402547589
2025-01-02 07:00:00,Bitcoin,41076.1337,40577.7112,41251.7825,40349.7112,109805,772908784338
2025-01-02 08:00:00,Bitcoin,40577.7112,40669.3892,40977.67,40476.5988,104763,774655033139
2025-01-02 09:00:00,Bitcoin,40669.3892,40476.5623,40821.8552,40427.4773,91877,770982138622
2025-01-02 10:00:00,Bitcoin,40476.5623,40488.2566,40558.1821,40279.7512,90597,771204888078
2025-01-02 11:00:00,Bitcoin,40488.2566,40866.7495,41017.2344,40408.3359,106652,778414275898
2025-01-02 12:00:00,Bitcoin,40866.7495,40985.1417,41104.0822,40635.5272,101165,780669365111
2025-01-02 13:00:00,Bitcoin,40985.1417,40271.7457,41157.0113,40222.4108,111379,767080871035
2025-01-02 14:00:00,Bitcoin,40271.7457,39992.1076,40483.0605,39975.2232,79473,761754430436
2025-01-02 15:00:00,Bitcoin,39992.1076,39393.0299,40148.4463,39203.2912,101470,750343427015
2025-01-02 16:00:00,Bitcoin,39393.0299,39660.2469,39752.4423,39313.0272,96383,755433273353
2025-01-02 17:00:00,Bitcoin,39660.2469,39841.8173,40018.4084,39633.7114,98278,758891758838
2025-01-02 18:00:00,Bitcoin,39841.8173,39624.9612,39992.3949,39581.3533,104754,754761165553
2025-01-02 19:00:00,Bitcoin,39624.9612,39344.7943,39708.8673,39289.1074,105923,749424653578
2025-01-02 20:00:00,Bitcoin,39344.7943,40043.5596,40097.2787,39292.9284,89598,762734467978
2025-01-02 21:00:00,Bitcoin,40043.5596,40318.8128,40327.7187,39969.4396,107185,767977386732
2025-01-02 22:00:00,Bitcoin,40318.8128,40099.2692,40517.1523,40007.3994,103965,763795602940
2025-01-02 23:00:00,Bitcoin,40099.2692,40652.4765,40691.4373,40082.2787,102843,774332885899
2025-01-03 00:00:00,Bitcoin,40652.4765,39869.3395,40889.3213,39787.2851,107363,759415991406
2025-01-03 01:00:00,Bitcoin,39869.3395,40289.411,40298.8875,39802.4787,85985,767417352042
2025-01-03 02:00:00,Bitcoin,40289.411,40183.3717,40347.5856,40050.1432,100603,765397556537
2025-01-03 03:00:00,Bitcoin,40183.3717,40073.6704,40223.0748,39995.8201,106283,763308008497
2025-01-03 04:00:00,Bitcoin,40073.6704,40499.5934,40633.0931,39948.1928,114603,771420826064
2025-01-03 05:00:00,Bitcoin,40499.5934,40295.6669,40618.1552,40275.911,106391,767536512171
2025-01-03 06:00:00,Bitcoin,40295.6669,40855.9383,40998.8732,40288.75,106046,778208349321
2025-01-03 07:00:00,Bitcoin,40855.9383,40700.1736,40885.4615,40500.1099,109034,775241402637
2025-01-03 08:00:00,Bitcoin,40700.1736,39788.5303,40834.7412,39735.5658,107606,757876767755
2025-01-03 09:00:00,Bitcoin,39788.5303,39969.1562,40021.296,39707.9945,108857,761317261776
2025-01-03 10:00:00,Bitcoin,39969.1562,39996.3033,40230.1328,39935.0397,95797,761834348779
2025-01-03 11:00:00,Bitcoin,39996.3033,40813.4552,40896.1138,39714.787,93974,777399147588
2025-01-03 12:00:00,Bitcoin,40813.4552,40769.4283,40926.2941,40656.3372,109327,776560539037
2025-01-03 13:00:00,Bitcoin,40769.4283,40728.6146,41021.3337,40657.3745,85024,775783135696
2025-01-03 14:00:00,Bitcoin,40728.6146,40187.9705,40974.5693,40070.2573,91359,765485152847
2025-01-03 15:00:00,Bitcoin,40187.9705,41288.386,41295.3939,40176.4738,103043,786445448052
2025-01-03 16:00:00,Bitcoin,41288.386,41432.6197,41462.6947,41227.3799,105961,789192756264
2025-01-03 17:00:00,Bitcoin,41432.6197,40748.0405,41661.0379,40571.765,97590,776153153160
2025-01-03 18:00:00,Bitcoin,40748.0405,40821.1454,40823.6366,40664.7133,103225,777545626277
2025-01-03 19:00:00,Bitcoin,40821.1454,40863.1542,40958.1048,40751.6526,98643,778345794508
2025-01-03 20:00:00,Bitcoin,40863.1542,40573.9013,40954.8854,40571.4073,88762,772836215755
2025-01-03 21:00:00,Bitcoin,40573.9013,40696.7788,40872.4233,40290.7489,92633,775176738531
2025-01-03 22:00:00,Bitcoin,40696.7788,41718.2244,41776.1885,40498.4121,99168,794632845933
2025-01-03 23:00:00,Bitcoin,41718.2244,40765.0684,41810.9013,40708.0162,92142,776477493113
2025-01-04 00:00:00,Bitcoin,40765.0684,41225.9885,41248.3111,40655.474,93452,785256923950
2025-01-04 01:00:00,Bitcoin,41225.9885,41193.9046,41373.1762,41181.1295,77863,784645802585
2025-01-04 02:00:00,Bitcoin,41193.9046,40584.4817,41291.3692,40286.7101,99831,773037745954
2025-01-04 03:00:00,Bitcoin,40584.4817,39894.8989,40808.1583,39817.1376,105397,759902837064
2025-01-04 04:00:00,Bitcoin,39894.8989,39949.259,39992.1719,39861.3057,69174,760938265971
2025-01-04 05:00:00,Bitcoin,39949.259,39800.1709,40008.1527,39672.3853,98733,758098493020
2025-01-04 06:00:00,Bitcoin,39800.1709,40126.4011,40152.6893,39754.8573,83927,764312401168
2025-01-04 07:00:00,Bitcoin,40126.4011,40219.8942,40359.4357,39860.4654,110795,766093222148
2025-01-04 08:00:00,Bitcoin,40219.8942,40531.8739,40624.8991,40087.099,101389,772035692764
2025-01-04 09:00:00,Bitcoin,40531.8739,40942.7318,40947.3269,40367.7325,95800,779861557835
2025-01-04 10:00:00,Bitcoin,40942.7318,41561.3643,41581.7356,40836.6411,98685,791645034679
2025-01-04 11:00:00,Bitcoin,41561.3643,41477.6062,41567.9904,41333.8926,72384,790049641661
2025-01-04 12:00:00,Bitcoin,41477.6062,40848.499,41597.2459,40839.9719,88848,778066647339
2025-01-04 13:00:00,Bitcoin,40848.499,40219.7692,40928.5877,40217.8742,96225,766090842689
2025-01-04 14:00:00,Bitcoin,40219.7692,40528.993,40596.8158,40076.0425,104797,771980819377
2025-01-04 15:00:00,Bitcoin,40528.993,40694.6525,40818.6624,40409.7994,96013,775136238155
2025-01-04 16:00:00,Bitcoin,40694.6525,40979.5896,41329.7962,40674.6966,105344,780563611588
2025-01-04 17:00:00,Bitcoin,40979.5896,41271.2029,41408.0144,40767.2999,72052,786118149813
2025-01-04 18:00:00,Bitcoin,41271.2029,40813.7521,41340.3749,40806.7486,93590,777404802452
2025-01-04 19:00:00,Bitcoin,40813.7521,41645.6589,41915.1684,40770.1365,103120,793250645384
2025-01-04 20:00:00,Bitcoin,41645.6589,41502.3193,41731.4657,41467.9547,107249,790520368161
2025-01-04 21:00:00,Bitcoin,41502.3193,41631.7348,41652.9052,41407.398,97599,792985424704
2025-01-04 22:00:00,Bitcoin,41631.7348,41726.4137,41732.0314,41524.6572,88205,794788832488
2025-01-04 23:00:00,Bitcoin,41726.4137,42288.1921,42353.1261,41590.2545,90087,805489373464
2025-01-05 00:00:00,Bitcoin,42288.1921,42761.1667,42817.161,42077.3939,95689,814498413585
2025-01-05 01:00:00,Bitcoin,42761.1667,42462.9837,42828.6202,42419.2568,101543,808818738090
2025-01-05 02:00:00,Bitcoin,42462.9837,42735.4621,42951.8278,42441.2251,85728,814008801726
2025-01-05 03:00:00,Bitcoin,42735.4621,43283.8996,43349.2694,42655.9933,102667,824455231149
2025-01-05 04:00:00,Bitcoin,43283.8996,42603.7395,43432.5269,42558.618,91443,811499799604
2025-01-05 05:00:00,Bitcoin,42603.7395,42092.8397,42726.8998,41842.8176,101766,801768375359
2025-01-05 06:00:00,Bitcoin,42092.8397,41270.1043,42170.5378,41124.6823,115996,786097225569
2025-01-05 07:00:00,Bitcoin,41270.1043,40818.1716,41348.2958,40769.1189,96641,777488981983
2025-01-05 08:00:00,Bitcoin,40818.1716,41397.702,41407.7272,40803.9771,103077,788527657591
2025-01-05 09:00:00,Bitcoin,41397.702,42065.8994,42088.4695,41283.1842,101492,801255226682
2025-01-05 10:00:00,Bitcoin,42065.8994,42218.0448,42253.1485,41990.9981,101756,804153234889
2025-01-05 11:00:00,Bitcoin,42218.0448,42693.6378,42784.1393,42172.524,96783,813212147856
2025-01-05 12:00:00,Bitcoin,42693.6378,42594.2891,42900.1702,42494.9046,81324,811319792790
2025-01-05 13:00:00,Bitcoin,42594.2891,42547.5748,42700.3351,42405.7365,98189,810429996657
2025-01-05 14:00:00,Bitcoin,42547.5748,42235.6741,42640.8873,42214.882,88700,804489029570
2025-01-05 15:00:00,Bitcoin,42235.6741,42528.0053,42690.7149,42177.9802,102919,810057243461
2025-01-05 16:00:00,Bitcoin,42528.0053,42335.8153,42589.6101,42240.9814,125108,806396482077
2025-01-05 17:00:00,Bitcoin,42335.8153,42754.7863,42924.6965,42132.6148,106080,814376882800
2025-01-05 18:00:00,Bitcoin,42754.7863,43044.2259,43140.5339,42502.9723,92644,819890016624
2025-01-05 19:00:00,Bitcoin,43044.2259,43282.2183,43534.9404,42939.3923,92874,824423205743
2025-01-05 20:00:00,Bitcoin,43282.2183,43056.2785,43615.0808,42854.0807,112644,820119590856
2025-01-05 21:00:00,Bitcoin,43056.2785,42843.23,43293.9402,42544.9619,105819,816061523642
2025-01-05 22:00:00,Bitcoin,42843.23,43304.276,43342.672,42659.2774,92884,824843351974
2025-01-05 23:00:00,Bitcoin,43304.276,43465.5288,43596.5249,42970.2736,97198,827914835204
2025-01-06 00:00:00,Bitcoin,43465.5288,42972.0865,43622.3456,42828.4547,104631,818515933657
2025-01-06 01:00:00,Bitcoin,42972.0865,43355.1651,43626.8633,42922.9355,116584,825812668800
2025-01-06 02:00:00,Bitcoin,43355.1651,43862.5916,43920.6166,43143.6998,90566,835477935002
2025-01-06 03:00:00,Bitcoin,43862.5916,43715.792,43933.1367,43545.5122,101727,832681752866
2025-01-06 04:00:00,Bitcoin,43715.792,44027.4437,44221.588,43621.5836,105589,838617975756
2025-01-06 05:00:00,Bitcoin,44027.4437,43755.5658,44166.4561,43669.2492,114393,833439348459
2025-01-06 06:00:00,Bitcoin,43755.5658,43700.3939,44000.2546,43631.7066,105988,832388455328
2025-01-06 07:00:00,Bitcoin,43700.3939,43359.8652,43795.5459,43300.226,110310,825902194095
2025-01-06 08:00:00,Bitcoin,43359.8652,43762.678,43809.8815,43331.6951,95344,833574819432
2025-01-06 09:00:00,Bitcoin,43762.678,43968.7754,44054.6962,43593.4089,98486,837500483486
2025-01-06 10:00:00,Bitcoin,43968.7754,44540.6025,44551.3454,43856.741,116119,848392427983
2025-01-06 11:00:00,Bitcoin,44540.6025,44864.3834,44872.457,44190.0875,77503,854559684541
2025-01-06 12:00:00,Bitcoin,44864.3834,44289.8014,45172.1267,44154.3879,97376,843615265573
2025-01-06 13:00:00,Bitcoin,44289.8014,44337.5359,44441.3789,44286.3066,85084,844524492670
2025-01-06 14:00:00,Bitcoin,44337.5359,44334.3707,44467.5793,44235.9737,98484,844464204144
2025-01-06 15:00:00,Bitcoin,44334.3707,44199.161,44383.0323,44105.2214,104650,841888780537
2025-01-06 16:00:00,Bitcoin,44199.161,43687.2349,44419.3096,43553.7533,93633,832137808511
2025-01-06 17:00:00,Bitcoin,43687.2349,43403.6224,43857.0653,43170.7762,93221,826735664036
2025-01-06 18:00:00,Bitcoin,43403.6224,43155.5651,43599.5361,43089.7893,98871,822010763231
2025-01-06 19:00:00,Bitcoin,43155.5651,43191.5566,43306.6213,43020.5537,95033,822696316771
2025-01-06 20:00:00,Bitcoin,43191.5566,43399.2849,43635.0056,43058.0532,110035,826653046372
2025-01-06 21:00:00,Bitcoin,43399.2849,43319.8379,43668.8812,43208.6813,112934,825139769555
2025-01-06 22:00:00,Bitcoin,43319.8379,42893.0172,43565.6334,42528.7347,106337,817009851500
2025-01-06 23:00:00,Bitcoin,42893.0172,42766.1991,42977.7525,42709.6582,115003,814594269066
2025-01-07 00:00:00,Bitcoin,42766.1991,42395.237,42926.2996,42296.6762,108742,807528323587
2025-01-07 01:00:00,Bitcoin,42395.237,42116.3026,42648.6435,42043.2477,87607,802215287602
2025-01-07 02:00:00,Bitcoin,42116.3026,41156.9355,42298.2401,41147.1251,110506,783941628546
2025-01-07 03:00:00,Bitcoin,41156.9355,40956.656,41174.0625,40779.0719,101494,780126780711
2025-01-07 04:00:00,Bitcoin,40956.656,40304.0017,41148.8712,40278.7723,77304,767695269729
2025-01-07 05:00:00,Bitcoin,40304.0017,40424.3539,40759.5275,40268.4728,86702,769987693711
2025-01-07 06:00:00,Bitcoin,40424.3539,40660.8092,40710.2723,40374.7144,89960,774491603286
2025-01-07 07:00:00,Bitcoin,40660.8092,40670.9922,40686.7145,40641.688,115678,774685564910
2025-01-07 08:00:00,Bitcoin,40670.9922,40878.5268,40992.9223,40560.4566,91227,778638606105
2025-01-07 09:00:00,Bitcoin,40878.5268,41589.9533,41666.6223,40847.4903,87086,792189587515
2025-01-07 10:00:00,Bitcoin,41589.9533,41492.6992,41660.1105,41408.2414,85243,790337127040
2025-01-07 11:00:00,Bitcoin,41492.6992,41654.7759,41728.7611,41380.8526,109261,793424303199
2025-01-07 12:00:00,Bitcoin,41654.7759,41305.0637,41883.823,41276.1489,92745,786763117246
2025-01-07 13:00:00,Bitcoin,41305.0637,41179.2963,41352.2725,41161.0703,104492,784367548140
2025-01-07 14:00:00,Bitcoin,41179.2963,41600.5363,41721.819,41146.8341,96702,792391166979
2025-01-07 15:00:00,Bitcoin,41600.5363,41827.2161,41913.5642,41568.6187,108449,796708878634
2025-01-07 16:00:00,Bitcoin,41827.2161,41640.5504,41933.3398,41502.6196,102387,793153341154
2025-01-07 17:00:00,Bitcoin,41640.5504,41464.0778,41661.3897,41409.3491,102314,789791958708
2025-01-07 18:00:00,Bitcoin,41464.0778,41393.4721,41488.7686,41268.5998,102336,788447087134
2025-01-07 19:00:00,Bitcoin,41393.4721,41645.8821,41828.0441,41209.6525,98693,793254896573
2025-01-07 20:00:00,Bitcoin,41645.8821,41146.9631,41823.4593,40965.6128,96090,783751678029
2025-01-07 21:00:00,Bitcoin,41146.9631,41471.3043,41554.1706,41110.2021,85732,789929605530
2025-01-07 22:00:00,Bitcoin,41471.3043,41455.0403,41561.0955,41396.708,93156,789619814688
2025-01-07 23:00:00,Bitcoin,41455.0403,41851.2413,41905.7018,41367.9461,116185,797166501903
2025-01-08 00:00:00,Bitcoin,41851.2413,41706.8253,42017.9313,41696.1453,100070,794415719797
2025-01-08 01:00:00,Bitcoin,41706.8253,42626.4371,42759.6826,41535.8189,119486,811932134736
2025-01-08 02:00:00,Bitcoin,42626.4371,42690.3438,42968.7584,42604.1674,104520,813149406345
2025-01-08 03:00:00,Bitcoin,42690.3438,41863.3431,42820.0526,41802.74,109281,797397011103
2025-01-08 04:00:00,Bitcoin,41863.3431,42324.9153,42362.9149,41723.0819,102017,806188862817
2025-01-08 05:00:00,Bitcoin,42324.9153,41802.5447,42388.3596,41629.6683,106070,796238946521
2025-01-08 06:00:00,Bitcoin,41802.5447,41533.3617,41809.8911,41521.5901,90721,791111651742
2025-01-08 07:00:00,Bitcoin,41533.3617,41301.3995,41789.6193,41178.7376,91814,786693323782
2025-01-08 08:00:00,Bitcoin,41301.3995,41748.348,41888.509,41182.2223,107206,795206628136
2025-01-08 09:00:00,Bitcoin,41748.348,41372.5725,41758.2433,41239.2759,104948,788049000288
2025-01-08 10:00:00,Bitcoin,41372.5725,41063.2651,41384.4335,40895.9705,98579,782157429808
2025-01-08 11:00:00,Bitcoin,41063.2651,41535.1871,41582.4633,40989.633,125946,791146421792
2025-01-08 12:00:00,Bitcoin,41535.1871,41278.9077,41542.7574,41213.3025,107827,786264908996
2025-01-08 13:00:00,Bitcoin,41278.9077,41565.6931,41614.0836,41176.9397,102829,791727487406
2025-01-08 14:00:00,Bitcoin,41565.6931,42136.4059,42199.4093,41382.4876,96145,802598207164
2025-01-08 15:00:00,Bitcoin,42136.4059,41611.6414,42180.8057,41510.8706,98309,792602692963
2025-01-08 16:00:00,Bitcoin,41611.6414,42459.548,42712.8155,41566.4869,92688,808753294309
2025-01-08 17:00:00,Bitcoin,42459.548,41988.9557,42548.7996,41851.9307,101830,799789631559
2025-01-08 18:00:00,Bitcoin,41988.9557,42071.6446,42139.1207,41979.4213,117246,801364658829
2025-01-08 19:00:00,Bitcoin,42071.6446,41777.6692,42101.7563,41767.5929,100330,795765127113
2025-01-08 20:00:00,Bitcoin,41777.6692,42306.8485,42526.9817,41557.7723,111064,805844733386
2025-01-08 21:00:00,Bitcoin,42306.8485,42561.4687,42631.3903,42170.1422,98707,810694641822
2025-01-08 22:00:00,Bitcoin,42561.4687,42485.0407,42566.7003,42270.3958,100806,809238871042
2025-01-08 23:00:00,Bitcoin,42485.0407,43106.0244,43272.9511,42303.5135,94354,821067131547
2025-01-09 00:00:00,Bitcoin,43106.0244,43311.1674,43498.7582,42871.204,111260,824974616904
2025-01-09 01:00:00,Bitcoin,43311.1674,43624.5659,43687.1774,43140.9183,106843,830944112531
2025-01-09 02:00:00,Bitcoin,43624.5659,43253.0946,43704.1253,43182.144,103408,823868468083
2025-01-09 03:00:00,Bitcoin,43253.0946,42868.3032,43345.7731,42645.2535,110626,816539108579
2025-01-09 04:00:00,Bitcoin,42868.3032,42890.4868,42932.7596,42832.8335,105926,816961653125
2025-01-09 05:00:00,Bitcoin,42890.4868,43694.8454,43990.1054,42631.0116,83872,832282769517
2025-01-09 06:00:00,Bitcoin,43694.8454,43488.2613,43946.0354,43181.0099,93360,828347834803
2025-01-09 07:00:00,Bitcoin,43488.2613,43733.9303,43757.3117,43483.2848,93225,833027242978
2025-01-09 08:00:00,Bitcoin,43733.9303,43413.7364,43970.3538,43315.5973,107516,826928311856
2025-01-09 09:00:00,Bitcoin,43413.7364,43257.4821,43433.2741,43115.5887,89683,823952039383
2025-01-09 10:00:00,Bitcoin,43257.4821,43145.2375,43364.3528,43070.5912,96178,821814048479
2025-01-09 11:00:00,Bitcoin,43145.2375,43774.9319,43944.6951,42890.1916,108799,833808226919
2025-01-09 12:00:00,Bitcoin,43774.9319,43038.058,43917.1664,43006.0009,101357,819772533858
2025-01-09 13:00:00,Bitcoin,43038.058,42952.3065,43145.0263,42805.3797,108858,818139171495
2025-01-09 14:00:00,Bitcoin,42952.3065,43830.9129,43950.1623,42896.7114,123633,834874531464
2025-01-09 15:00:00,Bitcoin,43830.9129,44073.3716,44130.1226,43641.3148,92269,839492792785
2025-01-09 16:00:00,Bitcoin,44073.3716,43447.7293,44093.298,43352.726,85075,827575795659
2025-01-09 17:00:00,Bitcoin,43447.7293,43336.7936,43524.5759,43261.525,91726,825462734514
2025-01-09 18:00:00,Bitcoin,43336.7936,43480.4964,43522.4622,43150.5415,109209,828199931828
2025-01-09 19:00:00,Bitcoin,43480.4964,43394.5531,43505.3105,43333.9676,96668,826562915743
2025-01-09 20:00:00,Bitcoin,43394.5531,43681.0263,43902.265,43338.6637,95955,832019548157
2025-01-09 21:00:00,Bitcoin,43681.0263,44239.9402,44474.5122,43426.6286,98326,842665527040
2025-01-09 22:00:00,Bitcoin,44239.9402,44188.2415,44261.4322,44093.9179,111665,841680791421
2025-01-09 23:00:00,Bitcoin,44188.2415,43151.672,44367.1116,43030.071,90236,821936609541
2025-01-10 00:00:00,Bitcoin,43151.672,42260.0177,43227.2408,42219.5522,93887,804952718583
2025-01-10 01:00:00,Bitcoin,42260.0177,42114.3757,42363.1834,42053.1022,109727,802178584421
2025-01-10 02:00:00,Bitcoin,42114.3757,42250.9503,42413.9612,41917.4161,113616,804780004885
2025-01-10 03:00:00,Bitcoin,42250.9503,42258.983,42309.0611,41979.7669,115610,804933009071
2025-01-10 04:00:00,Bitcoin,42258.983,41398.832,42315.6494,41077.3061,107299,788549180866
2025-01-10 05:00:00,Bitcoin,41398.832,41425.0385,41490.7766,41154.1602,97068,789048353238
2025-01-10 06:00:00,Bitcoin,41425.0385,41739.9603,41868.1207,41284.6994,101107,795046863368
2025-01-10 07:00:00,Bitcoin,41739.9603,41947.606,42121.2684,41674.4976,107307,799002018502
2025-01-10 08:00:00,Bitcoin,41947.606,41485.4504,42013.6145,41457.6446,90948,790199055709
2025-01-10 09:00:00,Bitcoin,41485.4504,41162.3971,41514.3597,41049.7687,103498,784045659253
2025-01-10 10:00:00,Bitcoin,41162.3971,42108.3985,42128.9869,41049.1775,87941,802064733546
2025-01-10 11:00:00,Bitcoin,42108.3985,42634.6376,42875.1643,42104.5007,97205,812088335318
2025-01-10 12:00:00,Bitcoin,42634.6376,42702.472,42910.6902,42595.5303,113833,813380419053
2025-01-10 13:00:00,Bitcoin,42702.472,42988.363,43005.3695,42637.5272,101512,818825961088
2025-01-10 14:00:00,Bitcoin,42988.363,42965.9675,43046.1688,42855.2285,113955,818399381660
2025-01-10 15:00:00,Bitcoin,42965.9675,42203.9881,43079.1665,42201.4165,82597,803885487504
2025-01-10 16:00:00,Bitcoin,42203.9881,42291.0737,42343.4583,42202.1046,101568,805544260386
2025-01-10 17:00:00,Bitcoin,42291.0737,42445.8222,42453.7614,42124.1111,85314,808491850789
2025-01-10 18:00:00,Bitcoin,42445.8222,41245.9494,42455.1197,41179.6723,107897,785637131341
2025-01-10 19:00:00,Bitcoin,41245.9494,41874.873,41985.1613,40912.4602,104480,797616628912
2025-01-10 20:00:00,Bitcoin,41874.873,42059.9306,42420.7096,41678.9304,77666,801141535824
2025-01-10 21:00:00,Bitcoin,42059.9306,42257.8738,42378.3538,41879.8532,87888,804911880986
2025-01-10 22:00:00,Bitcoin,42257.8738,42371.7509,42374.0732,42091.2638,89783,807080970049
2025-01-10 23:00:00,Bitcoin,42371.7509,42156.0454,42433.2748,41828.5488,101120,802972292384
2025-01-01 00:00:00,Ethereum,2200.0,2192.6365,2200.6771,2188.077,61619,298995886012
2025-01-01 01:00:00,Ethereum,2192.6365,2194.8468,2195.6515,2185.2964,70573,299297294410
2025-01-01 02:00:00,Ethereum,2194.8468,2190.8414,2199.6362,2178.2194,70793,298751103201
2025-01-01 03:00:00,Ethereum,2190.8414,2189.2278,2196.279,2187.2652,60150,298531057775
2025-01-01 04:00:00,Ethereum,2189.2278,2212.8798,2215.2423,2184.7205,63968,301756336170
2025-01-01 05:00:00,Ethereum,2212.8798,2221.4957,2227.0058,2203.7026,66546,302931230486
2025-01-01 06:00:00,Ethereum,2221.4957,2215.0436,2232.5732,2213.9562,60849,302051399415
2025-01-01 07:00:00,Ethereum,2215.0436,2231.1895,2234.5327,2200.7094,70000,304253114789
2025-01-01 08:00:00,Ethereum,2231.1895,2240.6788,2247.4848,2228.2868,53000,305547110309
2025-01-01 09:00:00,Ethereum,2240.6788,2239.2815,2241.9289,2237.7823,78623,305356565959
2025-01-01 10:00:00,Ethereum,2239.2815,2234.9757,2243.4536,2227.0832,68784,304769410892
2025-01-01 11:00:00,Ethereum,2234.9757,2247.9762,2251.0018,2234.8458,56096,306542210957
2025-01-01 12:00:00,Ethereum,2247.9762,2291.0658,2296.6646,2239.7245,51859,312418066709
2025-01-01 13:00:00,Ethereum,2291.0658,2312.1646,2317.862,2290.009,67907,315295174955
2025-01-01 14:00:00,Ethereum,2312.1646,2295.3857,2320.9557,2288.335,56033,313007140773
2025-01-01 15:00:00,Ethereum,2295.3857,2316.0754,2320.3282,2283.1547,63056,315828466166
2025-01-01 16:00:00,Ethereum,2316.0754,2348.5605,2355.6587,2308.0682,42605,320258243230
2025-01-01 17:00:00,Ethereum,2348.5605,2318.6083,2350.8056,2307.4797,42165,316173862405
2025-01-01 18:00:00,Ethereum,2318.6083,2286.4904,2324.8062,2271.7867,60985,311794150211
2025-01-01 19:00:00,Ethereum,2286.4904,2321.0428,2322.8165,2278.3413,80700,316505838961
2025-01-01 20:00:00,Ethereum,2321.0428,2292.5972,2330.4976,2287.0732,53286,312626893346
2025-01-01 21:00:00,Ethereum,2292.5972,2294.7096,2299.8082,2282.8158,56465,312914952102
2025-01-01 22:00:00,Ethereum,2294.7096,2306.9175,2313.6972,2282.5872,57500,314579661527
2025-01-01 23:00:00,Ethereum,2306.9175,2279.7959,2321.907,2274.823,62020,310881265272
2025-01-02 00:00:00,Ethereum,2279.7959,2283.4205,2293.0865,2273.1438,57890,311375525042
2025-01-02 01:00:00,Ethereum,2283.4205,2307.4635,2309.0109,2277.1877,52980,314654118804
2025-01-02 02:00:00,Ethereum,2307.4635,2347.84,2361.4852,2306.6489,58477,320159995937
2025-01-02 03:00:00,Ethereum,2347.84,2338.3398,2350.1782,2336.3252,48359,318864515045
2025-01-02 04:00:00,Ethereum,2338.3398,2358.7283,2366.6274,2329.5968,70213,321644773616
2025-01-02 05:00:00,Ethereum,2358.7283,2365.6836,2367.996,2356.2011,70823,322593224881
2025-01-02 06:00:00,Ethereum,2365.6836,2327.8896,2368.5074,2323.0638,68325,317439487391
2025-01-02 07:00:00,Ethereum,2327.8896,2315.5459,2328.8222,2313.1943,47885,315756262682
2025-01-02 08:00:00,Ethereum,2315.5459,2325.7172,2330.6681,2308.9698,48079,317143248825
2025-01-02 09:00:00,Ethereum,2325.7172,2308.1307,2335.5211,2299.1384,56779,314745096810
2025-01-02 10:00:00,Ethereum,2308.1307,2308.3853,2309.9051,2304.7317,61060,314779818392
2025-01-02 11:00:00,Ethereum,2308.3853,2299.8381,2310.8663,2295.9135,58094,313614289191
2025-01-02 12:00:00,Ethereum,2299.8381,2254.9538,2302.1076,2252.358,53951,307493706487
2025-01-02 13:00:00,Ethereum,2254.9538,2263.156,2272.3233,2246.0434,63248,308612176356
2025-01-02 14:00:00,Ethereum,2263.156,2260.2482,2264.9277,2240.8948,54793,308215670387
2025-01-02 15:00:00,Ethereum,2260.2482,2228.1759,2263.7265,2227.3057,67025,303842168809
2025-01-02 16:00:00,Ethereum,2228.1759,2237.0371,2245.0054,2216.1567,50738,305050516157
2025-01-02 17:00:00,Ethereum,2237.0371,2286.0116,2296.2496,2225.9296,47387,311728849253
2025-01-02 18:00:00,Ethereum,2286.0116,2302.7922,2314.3047,2284.6982,59349,314017119581
2025-01-02 19:00:00,Ethereum,2302.7922,2291.8026,2307.5047,2285.4602,73958,312518541126
2025-01-02 20:00:00,Ethereum,2291.8026,2299.5924,2304.4575,2273.3967,54209,313580786167
2025-01-02 21:00:00,Ethereum,2299.5924,2259.956,2301.049,2252.653,58389,308175824061
2025-01-02 22:00:00,Ethereum,2259.956,2331.8435,2337.807,2257.2159,58579,317978659518
2025-01-02 23:00:00,Ethereum,2331.8435,2366.4672,2373.5243,2326.613,51558,322700073741
2025-01-03 00:00:00,Ethereum,2366.4672,2317.4454,2374.2438,2307.3034,46992,316015282054
2025-01-03 01:00:00,Ethereum,2317.4454,2355.7414,2361.6366,2314.9098,66164,321237463656
2025-01-03 02:00:00,Ethereum,2355.7414,2360.2659,2361.2308,2353.9932,60954,321854443228
2025-01-03 03:00:00,Ethereum,2360.2659,2389.2844,2400.5008,2347.8069,80329,325811506743
2025-01-03 04:00:00,Ethereum,2389.2844,2430.8644,2438.469,2385.8532,83057,331481513669
2025-01-03 05:00:00,Ethereum,2430.8644,2412.6626,2432.3106,2406.2458,64226,328999448979
2025-01-03 06:00:00,Ethereum,2412.6626,2412.3263,2420.3589,2405.1666,69780,328953582479
2025-01-03 07:00:00,Ethereum,2412.3263,2409.3781,2421.2515,2394.1745,59379,328551554641
2025-01-03 08:00:00,Ethereum,2409.3781,2389.0502,2413.0262,2380.9472,67729,325779575530
2025-01-03 09:00:00,Ethereum,2389.0502,2397.6082,2403.8241,2386.4829,76305,326946578404
2025-01-03 10:00:00,Ethereum,2397.6082,2378.852,2404.524,2368.0915,59995,324388903415
2025-01-03 11:00:00,Ethereum,2378.852,2390.6639,2399.7849,2359.2785,57804,325999621308
2025-01-03 12:00:00,Ethereum,2390.6639,2378.1553,2396.548,2372.8579,68512,324293901334
2025-01-03 13:00:00,Ethereum,2378.1553,2357.3035,2381.7811,2343.1021,53674,321450473103
2025-01-03 14:00:00,Ethereum,2357.3035,2339.6625,2362.5526,2339.3718,36525,319044886227
2025-01-03 15:00:00,Ethereum,2339.6625,2352.3755,2362.3763,2336.2076,55674,320778477221
2025-01-03 16:00:00,Ethereum,2352.3755,2341.3911,2361.3592,2334.9479,71860,319280601062
2025-01-03 17:00:00,Ethereum,2341.3911,2333.9513,2356.0856,2328.4263,54814,318266079832
2025-01-03 18:00:00,Ethereum,2333.9513,2333.8521,2337.6903,2324.7624,44797,318252561890
2025-01-03 19:00:00,Ethereum,2333.8521,2329.4604,2343.019,2329.0706,47020,317653696546
2025-01-03 20:00:00,Ethereum,2329.4604,2304.5871,2331.501,2295.4986,70787,314261875564
2025-01-03 21:00:00,Ethereum,2304.5871,2293.0689,2306.0759,2284.4086,71362,312691207867
2025-01-03 22:00:00,Ethereum,2293.0689,2288.709,2293.6532,2282.7115,69568,312096683167
2025-01-03 23:00:00,Ethereum,2288.709,2281.2553,2289.5053,2269.8863,63136,311080266862
2025-01-04 00:00:00,Ethereum,2281.2553,2289.2726,2294.0757,2262.0667,61106,312173535699
2025-01-04 01:00:00,Ethereum,2289.2726,2322.5943,2331.7845,2278.974,71632,316717408744
2025-01-04 02:00:00,Ethereum,2322.5943,2351.7431,2353.9963,2315.9599,69228,320692246408
2025-01-04 03:00:00,Ethereum,2351.7431,2355.8692,2365.9726,2347.3349,64946,321254885731
2025-01-04 04:00:00,Ethereum,2355.8692,2320.2181,2359.2865,2312.9946,97428,316393377438
2025-01-04 05:00:00,Ethereum,2320.2181,2318.0068,2324.4096,2306.533,67139,316091840383
2025-01-04 06:00:00,Ethereum,2318.0068,2336.265,2340.7698,2307.6753,40010,318581596955
2025-01-04 07:00:00,Ethereum,2336.265,2342.9444,2350.9153,2328.8607,63381,319492418709
2025-01-04 08:00:00,Ethereum,2342.9444,2351.9565,2358.5338,2335.1138,55937,320721338254
2025-01-04 09:00:00,Ethereum,2351.9565,2420.7511,2433.8491,2342.9334,63922,330102428962
2025-01-04 10:00:00,Ethereum,2420.7511,2422.719,2425.7699,2409.0389,50848,330370777494
2025-01-04 11:00:00,Ethereum,2422.719,2397.6923,2432.6285,2375.2104,70253,326958036463
2025-01-04 12:00:00,Ethereum,2397.6923,2387.7476,2399.7371,2384.3099,51027,325601947929
2025-01-04 13:00:00,Ethereum,2387.7476,2390.5121,2396.6964,2384.1953,63462,325978921706
2025-01-04 14:00:00,Ethereum,2390.5121,2403.0319,2405.1099,2379.5193,43581,327686163896
2025-01-04 15:00:00,Ethereum,2403.0319,2388.0409,2404.1135,2382.4771,76723,325641944966
2025-01-04 16:00:00,Ethereum,2388.0409,2407.2263,2414.7692,2382.8523,69162,328258127570
2025-01-04 17:00:00,Ethereum,2407.2263,2367.8578,2408.1274,2367.4287,65920,322889704849
2025-01-04 18:00:00,Ethereum,2367.8578,2399.7552,2406.1471,2367.4893,51655,327239339124
2025-01-04 19:00:00,Ethereum,2399.7552,2352.1426,2410.6266,2350.6033,66296,320746716239
2025-01-04 20:00:00,Ethereum,2352.1426,2353.4966,2356.6932,2341.4809,56748,320931351532
2025-01-04 21:00:00,Ethereum,2353.4966,2364.7935,2369.461,2349.4241,63988,322471836065
2025-01-04 22:00:00,Ethereum,2364.7935,2371.8164,2379.0356,2364.2431,46645,323429509409
2025-01-04 23:00:00,Ethereum,2371.8164,2407.7396,2419.8613,2368.5969,66121,328328120633
2025-01-05 00:00:00,Ethereum,2407.7396,2414.8782,2415.3045,2401.9095,80026,329301574188
2025-01-05 01:00:00,Ethereum,2414.8782,2454.7974,2455.584,2414.7374,59604,334745101760
2025-01-05 02:00:00,Ethereum,2454.7974,2452.4113,2467.1695,2451.5569,73601,334419728764
2025-01-05 03:00:00,Ethereum,2452.4113,2429.797,2461.6052,2426.5703,70187,331335952366
2025-01-05 04:00:00,Ethereum,2429.797,2434.7441,2443.5996,2414.5824,41197,332010558917
2025-01-05 05:00:00,Ethereum,2434.7441,2432.289,2447.0327,2425.7754,47290,331675767839
2025-01-05 06:00:00,Ethereum,2432.289,2415.6319,2435.4781,2414.4898,63485,329404345955
2025-01-05 07:00:00,Ethereum,2415.6319,2381.7011,2426.9199,2361.6191,50010,324777417184
2025-01-05 08:00:00,Ethereum,2381.7011,2350.0793,2381.8598,2348.4713,66145,320465355204
2025-01-05 09:00:00,Ethereum,2350.0793,2358.6201,2359.1549,2345.8958,72175,321630010491
2025-01-05 10:00:00,Ethereum,2358.6201,2365.7205,2375.3953,2350.2482,62577,322598247510
2025-01-05 11:00:00,Ethereum,2365.7205,2306.6896,2370.6079,2302.9667,60761,314548578314
2025-01-05 12:00:00,Ethereum,2306.6896,2308.3121,2317.6986,2301.8669,56912,314769828102
2025-01-05 13:00:00,Ethereum,2308.3121,2297.9111,2313.084,2297.4329,39899,313351507733
2025-01-05 14:00:00,Ethereum,2297.9111,2263.187,2301.5349,2258.6927,56886,308616414838
2025-01-05 15:00:00,Ethereum,2263.187,2257.1183,2264.5594,2252.6575,62795,307788855781
2025-01-05 16:00:00,Ethereum,2257.1183,2270.1101,2275.1736,2254.2796,58824,309560467533
2025-01-05 17:00:00,Ethereum,2270.1101,2256.3787,2280.5274,2252.3954,63152,307688009721
2025-01-05 18:00:00,Ethereum,2256.3787,2242.0127,2262.1097,2235.2153,63053,305728998275
2025-01-05 19:00:00,Ethereum,2242.0127,2219.8273,2246.0564,2211.6,69989,302703716721
2025-01-05 20:00:00,Ethereum,2219.8273,2220.8738,2221.5056,2210.2448,56781,302846426938
2025-01-05 21:00:00,Ethereum,2220.8738,2236.7219,2242.59,2211.9198,54217,305007537034
2025-01-05 22:00:00,Ethereum,2236.7219,2227.615,2239.9731,2221.8238,67097,303765677545
2025-01-05 23:00:00,Ethereum,2227.615,2212.0649,2232.5529,2210.7712,63049,301645219227
2025-01-06 00:00:00,Ethereum,2212.0649,2254.2281,2259.2093,2207.4918,57138,307394742214
2025-01-06 01:00:00,Ethereum,2254.2281,2253.9626,2256.6661,2251.652,52946,307358534208
2025-01-06 02:00:00,Ethereum,2253.9626,2277.9453,2293.2621,2253.4085,48869,310628901947
2025-01-06 03:00:00,Ethereum,2277.9453,2256.1116,2289.1319,2254.6781,60150,307651588122
2025-01-06 04:00:00,Ethereum,2256.1116,2240.5587,2261.5181,2226.1961,52478,305530727390
2025-01-06 05:00:00,Ethereum,2240.5587,2194.0501,2244.5956,2192.6803,54406,299188644236
2025-01-06 06:00:00,Ethereum,2194.0501,2208.1966,2214.8424,2186.5814,48227,301117712090
2025-01-06 07:00:00,Ethereum,2208.1966,2221.5602,2226.6025,2205.3698,59035,302940030777
2025-01-06 08:00:00,Ethereum,2221.5602,2204.5276,2230.5538,2198.7557,66854,300617403550
2025-01-06 09:00:00,Ethereum,2204.5276,2217.5592,2218.5858,2176.9706,52259,302394437876
2025-01-06 10:00:00,Ethereum,2217.5592,2235.222,2247.5319,2216.2755,42732,304803002051
2025-01-06 11:00:00,Ethereum,2235.222,2205.047,2236.4449,2202.1521,69650,300688232535
2025-01-06 12:00:00,Ethereum,2205.047,2194.6192,2212.5951,2184.854,73386,299266260572
2025-01-06 13:00:00,Ethereum,2194.6192,2175.8754,2203.5067,2162.0671,54091,296710275732
2025-01-06 14:00:00,Ethereum,2175.8754,2220.0151,2222.2615,2169.5535,53363,302729331444
2025-01-06 15:00:00,Ethereum,2220.0151,2228.4684,2235.6283,2199.8321,82732,303882058406
2025-01-06 16:00:00,Ethereum,2228.4684,2181.9477,2231.3395,2175.2543,72779,297538316772
2025-01-06 17:00:00,Ethereum,2181.9477,2178.8468,2190.9206,2171.6063,67731,297115478590
2025-01-06 18:00:00,Ethereum,2178.8468,2181.6496,2186.8835,2176.5416,47730,297497667042
2025-01-06 19:00:00,Ethereum,2181.6496,2150.3411,2194.7197,2148.3837,64207,293228334439
2025-01-06 20:00:00,Ethereum,2150.3411,2153.488,2155.964,2143.0729,51363,293657455725
2025-01-06 21:00:00,Ethereum,2153.488,2138.517,2155.0494,2132.6712,52359,291615956680
2025-01-06 22:00:00,Ethereum,2138.517,2131.9043,2139.9176,2128.0234,85280,290714220993
2025-01-06 23:00:00,Ethereum,2131.9043,2138.6364,2146.4591,2129.0077,53342,291632239795
2025-01-07 00:00:00,Ethereum,2138.6364,2162.4831,2177.5647,2135.8814,55850,294884062170
2025-01-07 01:00:00,Ethereum,2162.4831,2184.9301,2185.2961,2153.0513,53802,297945014152
2025-01-07 02:00:00,Ethereum,2184.9301,2197.0425,2198.0232,2182.1287,48190,299596707071
2025-01-07 03:00:00,Ethereum,2197.0425,2206.966,2214.7344,2193.3823,47380,300949905420
2025-01-07 04:00:00,Ethereum,2206.966,2201.9357,2208.8419,2194.672,51450,300263955986
2025-01-07 05:00:00,Ethereum,2201.9357,2217.8873,2228.4335,2199.3602,72615,302439180470
2025-01-07 06:00:00,Ethereum,2217.8873,2209.8014,2221.7493,2207.947,64465,301336558965
2025-01-07 07:00:00,Ethereum,2209.8014,2191.8036,2214.8831,2191.5082,53423,298882303341
2025-01-07 08:00:00,Ethereum,2191.8036,2211.399,2217.1226,2179.6114,74817,301554413259
2025-01-07 09:00:00,Ethereum,2211.399,2195.7401,2212.7304,2190.0425,67856,299419099676
2025-01-07 10:00:00,Ethereum,2195.7401,2171.8901,2205.689,2161.0844,83580,296166836003
2025-01-07 11:00:00,Ethereum,2171.8901,2170.003,2177.9399,2168.7848,48208,295909506441
2025-01-07 12:00:00,Ethereum,2170.003,2144.168,2176.1232,2140.9463,63133,292386550219
2025-01-07 13:00:00,Ethereum,2144.168,2143.5425,2154.7952,2132.853,44128,292301248921
2025-01-07 14:00:00,Ethereum,2143.5425,2113.8298,2145.9894,2108.866,58070,288249518398
2025-01-07 15:00:00,Ethereum,2113.8298,2161.5989,2168.2183,2111.2314,57895,294763491575
2025-01-07 16:00:00,Ethereum,2161.5989,2172.2736,2173.1225,2153.8961,56942,296219125850
2025-01-07 17:00:00,Ethereum,2172.2736,2204.885,2220.3885,2169.3335,45911,300666133705
2025-01-07 18:00:00,Ethereum,2204.885,2189.4792,2210.2267,2182.6717,55914,298565343334
2025-01-07 19:00:00,Ethereum,2189.4792,2198.8053,2215.6278,2186.9382,62603,299837092301
2025-01-07 20:00:00,Ethereum,2198.8053,2194.4973,2199.3665,2191.3194,40887,299249635456
2025-01-07 21:00:00,Ethereum,2194.4973,2164.8197,2198.3853,2160.7399,62412,295202683417
2025-01-07 22:00:00,Ethereum,2164.8197,2167.2356,2168.9989,2155.7948,61488,295532131795
2025-01-07 23:00:00,Ethereum,2167.2356,2194.5463,2196.4056,2157.008,45038,299256317138
2025-01-08 00:00:00,Ethereum,2194.5463,2175.6772,2194.9726,2164.9722,43376,296683254822
2025-01-08 01:00:00,Ethereum,2175.6772,2153.3365,2183.1564,2147.9281,54121,293636793623
2025-01-08 02:00:00,Ethereum,2153.3365,2161.0001,2172.1992,2148.8374,58410,294681828496
2025-01-08 03:00:00,Ethereum,2161.0001,2163.4984,2165.3729,2159.7346,28737,295022505667
2025-01-08 04:00:00,Ethereum,2163.4984,2140.3634,2165.9628,2130.763,81876,291867730418
2025-01-08 05:00:00,Ethereum,2140.3634,2163.6746,2171.9114,2131.5835,65647,295046534863
2025-01-08 06:00:00,Ethereum,2163.6746,2154.8979,2170.006,2139.0917,67628,293849712124
2025-01-08 07:00:00,Ethereum,2154.8979,2133.4645,2160.8196,2126.7391,65071,290926982079
2025-01-08 08:00:00,Ethereum,2133.4645,2087.9285,2142.8751,2086.3273,83339,284717521238
2025-01-08 09:00:00,Ethereum,2087.9285,2063.2989,2094.1708,2061.0938,61628,281358941781
2025-01-08 10:00:00,Ethereum,2063.2989,2034.5413,2064.0963,2026.1456,62999,277437447211
2025-01-08 11:00:00,Ethereum,2034.5413,2017.6743,2045.0122,2013.2561,61973,275137408282
2025-01-08 12:00:00,Ethereum,2017.6743,2020.2604,2025.9086,2009.6925,66620,275490051334
2025-01-08 13:00:00,Ethereum,2020.2604,2050.0666,2057.5492,2018.7524,84723,279554540102
2025-01-08 14:00:00,Ethereum,2050.0666,2058.3636,2058.6759,2040.934,52540,280685948502
2025-01-08 15:00:00,Ethereum,2058.3636,2070.381,2074.9069,2049.1267,70260,282324676590
2025-01-08 16:00:00,Ethereum,2070.381,2075.4579,2080.3564,2067.3398,51641,283016984186
2025-01-08 17:00:00,Ethereum,2075.4579,2056.5726,2079.4051,2050.818,39005,280441718393
2025-01-08 18:00:00,Ethereum,2056.5726,2053.4178,2062.3178,2051.1003,45064,280011511403
2025-01-08 19:00:00,Ethereum,2053.4178,2057.4027,2067.9279,2046.13,43587,280554909685
2025-01-08 20:00:00,Ethereum,2057.4027,2079.3515,2088.553,2050.0288,53375,283547932378
2025-01-08 21:00:00,Ethereum,2079.3515,2075.0638,2101.7522,2072.1207,49337,282963249539
2025-01-08 22:00:00,Ethereum,2075.0638,2104.6055,2105.4873,2064.2706,75121,286991663767
2025-01-08 23:00:00,Ethereum,2104.6055,2096.6389,2113.6009,2095.3003,48702,285905303198
2025-01-09 00:00:00,Ethereum,2096.6389,2090.9108,2104.4456,2086.3801,68769,285124201589
2025-01-09 01:00:00,Ethereum,2090.9108,2049.6085,2099.6369,2048.1611,69258,279492062574
2025-01-09 02:00:00,Ethereum,2049.6085,2080.3117,2082.7777,2041.322,57220,283678867837
2025-01-09 03:00:00,Ethereum,2080.3117,2076.3927,2081.8162,2062.7956,58899,283144462041
2025-01-09 04:00:00,Ethereum,2076.3927,2084.8882,2089.505,2074.9419,57273,284302943133
2025-01-09 05:00:00,Ethereum,2084.8882,2070.2834,2089.3092,2068.3711,55179,282311377721
2025-01-09 06:00:00,Ethereum,2070.2834,2055.5291,2086.2375,2049.4499,52215,280299427707
2025-01-09 07:00:00,Ethereum,2055.5291,2088.8769,2097.3528,2051.8092,46820,284846844765
2025-01-09 08:00:00,Ethereum,2088.8769,2075.579,2092.6186,2069.8423,46984,283033497922
2025-01-09 09:00:00,Ethereum,2075.579,2030.2612,2081.9441,2026.3036,65960,276853800060
2025-01-09 10:00:00,Ethereum,2030.2612,2052.683,2066.7215,2020.5173,57701,279911324744
2025-01-09 11:00:00,Ethereum,2052.683,2096.9224,2107.2711,2052.0284,64418,285943969770
2025-01-09 12:00:00,Ethereum,2096.9224,2082.2005,2108.1279,2080.3981,70693,283936434235
2025-01-09 13:00:00,Ethereum,2082.2005,2117.0525,2121.5731,2077.109,57450,288688970950
2025-01-09 14:00:00,Ethereum,2117.0525,2119.8365,2132.0393,2102.2481,64250,289068615917
2025-01-09 15:00:00,Ethereum,2119.8365,2128.2832,2141.5431,2111.1067,63478,290220438910
2025-01-09 16:00:00,Ethereum,2128.2832,2161.8002,2174.0529,2113.9565,68320,294790936617
2025-01-09 17:00:00,Ethereum,2161.8002,2153.3669,2167.9693,2144.7553,45730,293640934153
2025-01-09 18:00:00,Ethereum,2153.3669,2159.6494,2173.8656,2144.301,58838,294497638982
2025-01-09 19:00:00,Ethereum,2159.6494,2175.3088,2181.0145,2151.3911,53470,296633019002
2025-01-09 20:00:00,Ethereum,2175.3088,2158.9908,2179.8956,2158.6636,64149,294407842659
2025-01-09 21:00:00,Ethereum,2158.9908,2126.9345,2168.462,2125.6788,60498,290036518282
2025-01-09 22:00:00,Ethereum,2126.9345,2100.9862,2129.6356,2086.1187,65039,286498116968
2025-01-09 23:00:00,Ethereum,2100.9862,2104.8776,2115.2915,2092.0467,48358,287028756882
2025-01-10 00:00:00,Ethereum,2104.8776,2150.8176,2152.1538,2098.18,53092,293293310887
2025-01-10 01:00:00,Ethereum,2150.8176,2137.6174,2162.1574,2125.5187,51791,291493280698
2025-01-10 02:00:00,Ethereum,2137.6174,2118.1476,2146.2757,2109.6722,76192,288838304213
2025-01-10 03:00:00,Ethereum,2118.1476,2116.2045,2131.2188,2104.6412,57263,288573335980
2025-01-10 04:00:00,Ethereum,2116.2045,2110.0292,2122.3722,2093.9026,51414,287731248518
2025-01-10 05:00:00,Ethereum,2110.0292,2125.1381,2130.2061,2102.7182,50577,289791558026
2025-01-10 06:00:00,Ethereum,2125.1381,2110.4985,2131.899,2099.5206,59114,287795244835
2025-01-10 07:00:00,Ethereum,2110.4985,2097.2861,2121.655,2084.166,58117,285993559851
2025-01-10 08:00:00,Ethereum,2097.2861,2139.5526,2150.2786,2096.3494,43857,291757176653
2025-01-10 09:00:00,Ethereum,2139.5526,2165.954,2167.2603,2136.3411,55870,295357362450
2025-01-10 10:00:00,Ethereum,2165.954,2201.0868,2204.4663,2162.9684,58816,300148203166
2025-01-10 11:00:00,Ethereum,2201.0868,2174.1826,2211.4565,2168.2764,68035,296479443490
2025-01-10 12:00:00,Ethereum,2174.1826,2175.0265,2183.4624,2171.911,59965,296594519403
2025-01-10 13:00:00,Ethereum,2175.0265,2175.1662,2180.1137,2160.2683,62378,296613572764
2025-01-10 14:00:00,Ethereum,2175.1662,2124.3894,2179.9298,2115.4139,70984,289689465463
2025-01-10 15:00:00,Ethereum,2124.3894,2123.2936,2133.3161,2118.2702,62397,289540031871
2025-01-10 16:00:00,Ethereum,2123.2936,2116.4717,2127.079,2111.0001,62271,288609781151
2025-01-10 17:00:00,Ethereum,2116.4717,2102.1593,2129.786,2099.0443,54207,286658092590
2025-01-10 18:00:00,Ethereum,2102.1593,2099.3145,2103.7985,2091.5101,61011,286270157931
2025-01-10 19:00:00,Ethereum,2099.3145,2118.9352,2122.133,2092.1932,66880,288945704780
2025-01-10 20:00:00,Ethereum,2118.9352,2096.786,2119.2547,2090.9086,69243,285925366229
2025-01-10 21:00:00,Ethereum,2096.786,2099.2473,2107.5684,2095.1271,63498,286261000883
2025-01-10 22:00:00,Ethereum,2099.2473,2130.9432,2144.4527,2096.8205,62933,290583168183
2025-01-10 23:00:00,Ethereum,2130.9432,2148.497,2150.6221,2127.3286,55892,292976861862
2025-01-01 00:00:00,Solana,95.0,93.0486,95.1892,92.5626,31824,39178341798
2025-01-01 01:00:00,Solana,93.0486,91.638,93.7013,91.1486,37882,38584415923
2025-01-01 02:00:00,Solana,91.638,92.0579,92.5815,91.5213,28357,38761236530
2025-01-01 03:00:00,Solana,92.0579,92.6161,92.759,91.9383,16296,38996231773
2025-01-01 04:00:00,Solana,92.6161,93.2694,93.9198,92.1675,45012,39271306536
2025-01-01 05:00:00,Solana,93.2694,93.2142,93.5831,93.0513,47511,39248096149
2025-01-01 06:00:00,Solana,93.2142,92.522,93.3253,92.5113,39232,38956628364
2025-01-01 07:00:00,Solana,92.522,93.2928,93.7548,92.2269,44767,39281176151
2025-01-01 08:00:00,Solana,93.2928,93.9926,94.4098,92.9729,36067,39575843946
2025-01-01 09:00:00,Solana,93.9926,93.3192,94.3772,93.2536,40215,39292285755
2025-01-01 10:00:00,Solana,93.3192,93.1551,93.6339,92.9205,29579,39223206757
2025-01-01 11:00:00,Solana,93.1551,93.5123,93.7922,92.8272,36962,39373598690
2025-01-01 12:00:00,Solana,93.5123,92.9941,94.1786,92.2825,27110,39155421815
2025-01-01 13:00:00,Solana,92.9941,93.2451,93.3488,92.6851,17578,39261086719
2025-01-01 14:00:00,Solana,93.2451,95.0116,95.2042,93.245,24086,40004902327
2025-01-01 15:00:00,Solana,95.0116,93.4025,95.2907,93.2504,23138,39327387781
2025-01-01 16:00:00,Solana,93.4025,91.8324,93.5694,91.8297,38153,38666256249
2025-01-01 17:00:00,Solana,91.8324,91.1252,92.1778,91.0448,24644,38368521090
2025-01-01 18:00:00,Solana,91.1252,91.4989,92.4516,91.0408,33897,38525857742
2025-01-01 19:00:00,Solana,91.4989,91.359,92.1304,90.932,37897,38466943016
2025-01-01 20:00:00,Solana,91.359,90.6361,91.6559,90.4989,25513,38162560630
2025-01-01 21:00:00,Solana,90.6361,89.8029,90.6544,89.3768,30467,37811742628
2025-01-01 22:00:00,Solana,89.8029,89.298,90.2073,89.2739,44874,37599140086
2025-01-01 23:00:00,Solana,89.298,89.9981,90.629,88.989,25074,37893944058
2025-01-02 00:00:00,Solana,89.9981,90.7401,91.2915,89.7386,43047,38206338172
2025-01-02 01:00:00,Solana,90.7401,89.5954,90.9007,89.1725,11851,37724380509
2025-01-02 02:00:00,Solana,89.5954,88.1676,89.8774,87.8358,23377,37123210788
2025-01-02 03:00:00,Solana,88.1676,88.7498,89.2902,87.7009,24667,37368337727
2025-01-02 04:00:00,Solana,88.7498,88.8061,89.1485,88.4761,31842,37392026281
2025-01-02 05:00:00,Solana,88.8061,89.1575,89.5748,88.5761,30045,37540011797
2025-01-02 06:00:00,Solana,89.1575,90.3439,90.9043,88.7673,29522,38039535860
2025-01-02 07:00:00,Solana,90.3439,90.6981,90.9494,90.2653,46862,38188668752
2025-01-02 08:00:00,Solana,90.6981,88.2847,90.8918,88.0223,19374,37172513356
2025-01-02 09:00:00,Solana,88.2847,89.85,90.2918,88.1151,36428,37831565489
2025-01-02 10:00:00,Solana,89.85,90.6022,90.6457,89.576,32916,38148292881
2025-01-02 11:00:00,Solana,90.6022,89.8861,90.8973,89.6637,33895,37846779505
2025-01-02 12:00:00,Solana,89.8861,88.7966,90.3366,88.3804,18095,37388023706
2025-01-02 13:00:00,Solana,88.7966,88.1813,88.8921,87.7029,36694,37128979323
2025-01-02 14:00:00,Solana,88.1813,88.7552,88.839,87.9398,6949,37370622033
2025-01-02 15:00:00,Solana,88.7552,89.434,89.7648,88.5059,22662,37656423203
2025-01-02 16:00:00,Solana,89.434,88.8322,89.505,88.5391,18985,37403018436
2025-01-02 17:00:00,Solana,88.8322,88.2769,89.254,88.2465,18420,37169232129
2025-01-02 18:00:00,Solana,88.2769,88.5676,88.703,88.0991,24386,37291627512
2025-01-02 19:00:00,Solana,88.5676,88.2739,88.7631,87.7925,17252,37167960511
2025-01-02 20:00:00,Solana,88.2739,87.6191,88.2985,87.45,27553,36892263960
2025-01-02 21:00:00,Solana,87.6191,87.5717,87.8559,87.214,37185,36872284232
2025-01-02 22:00:00,Solana,87.5717,86.7298,87.6166,86.0495,47229,36517824513
2025-01-02 23:00:00,Solana,86.7298,86.0347,87.2317,85.8153,46711,36225123948
2025-01-03 00:00:00,Solana,86.0347,86.343,86.4629,85.6685,23741,36354938536
2025-01-03 01:00:00,Solana,86.343,86.174,86.3985,85.8547,32365,36283794335
2025-01-03 02:00:00,Solana,86.174,85.7794,86.3733,85.5596,50371,36117647024
2025-01-03 03:00:00,Solana,85.7794,85.6576,86.0422,85.457,24319,36066360952
2025-01-03 04:00:00,Solana,85.6576,85.4678,85.9916,85.1101,40045,35986434903
2025-01-03 05:00:00,Solana,85.4678,85.8583,85.8706,85.2047,34792,36150847033
2025-01-03 06:00:00,Solana,85.8583,83.0198,85.8624,82.215,29015,34955708916
2025-01-03 07:00:00,Solana,83.0198,83.0009,83.4622,82.7525,27927,34947767721
2025-01-03 08:00:00,Solana,83.0009,82.5409,83.1323,82.2891,45005,34754048009
2025-01-03 09:00:00,Solana,82.5409,82.2234,82.6198,82.0443,34375,34620382893
2025-01-03 10:00:00,Solana,82.2234,82.9601,83.2089,82.0886,10754,34930560379
2025-01-03 11:00:00,Solana,82.9601,82.4423,83.5951,82.0837,18855,34712556399
2025-01-03 12:00:00,Solana,82.4423,82.4933,82.8191,82.4174,35804,34734034170
2025-01-03 13:00:00,Solana,82.4933,81.8507,82.6321,81.8278,23415,34463433723
2025-01-03 14:00:00,Solana,81.8507,84.6931,84.8764,81.7416,36624,35660238652
2025-01-03 15:00:00,Solana,84.6931,85.8834,85.9804,84.3323,21962,36161440752
2025-01-03 16:00:00,Solana,85.8834,86.1447,86.3753,85.8683,11319,36271466097
2025-01-03 17:00:00,Solana,86.1447,86.5416,86.6409,85.7878,16562,36438577342
2025-01-03 18:00:00,Solana,86.5416,87.5011,87.9112,86.2907,49170,36842584395
2025-01-03 19:00:00,Solana,87.5011,88.2212,88.4034,87.1068,25970,37145766090
2025-01-03 20:00:00,Solana,88.2212,87.6901,88.2972,87.6736,21060,36922134522
2025-01-03 21:00:00,Solana,87.6901,87.3587,87.8357,87.2843,34730,36782609650
2025-01-03 22:00:00,Solana,87.3587,87.3901,87.7484,86.8531,25465,36795844454
2025-01-03 23:00:00,Solana,87.3901,87.3863,87.5987,86.8705,30440,36794245708
2025-01-04 00:00:00,Solana,87.3863,86.1387,87.504,85.9493,41712,36268918650
2025-01-04 01:00:00,Solana,86.1387,87.3105,87.808,86.1114,18551,36762309828
2025-01-04 02:00:00,Solana,87.3105,86.9896,87.3487,86.6343,36699,36627182956
2025-01-04 03:00:00,Solana,86.9896,87.4383,87.4978,86.7098,20879,36816116345
2025-01-04 04:00:00,Solana,87.4383,86.7968,87.9158,86.2766,38450,36546028554
2025-01-04 05:00:00,Solana,86.7968,86.9131,87.1747,86.5701,42937,36594986928
2025-01-04 06:00:00,Solana,86.9131,87.2095,87.8114,86.9069,34155,36719809248
2025-01-04 07:00:00,Solana,87.2095,86.1863,87.4697,86.1862,37945,36288959046
2025-01-04 08:00:00,Solana,86.1863,84.5045,86.3501,84.33,33109,35580833012
2025-01-04 09:00:00,Solana,84.5045,83.9176,84.8732,83.888,27790,35333742506
2025-01-04 10:00:00,Solana,83.9176,83.9469,84.2521,83.5704,29997,35346057483
2025-01-04 11:00:00,Solana,83.9469,84.9627,84.9722,83.615,31341,35773758540
2025-01-04 12:00:00,Solana,84.9627,83.8741,85.1821,83.6195,40968,35315409045
2025-01-04 13:00:00,Solana,83.8741,83.2696,84.3911,83.2099,32773,35060904121
2025-01-04 14:00:00,Solana,83.2696,83.5776,83.7486,83.239,29423,35190577131
2025-01-04 15:00:00,Solana,83.5776,84.5093,84.8066,83.2669,29411,35582856015
2025-01-04 16:00:00,Solana,84.5093,84.2062,84.6533,83.9983,19482,35455255136
2025-01-04 17:00:00,Solana,84.2062,84.3054,84.6065,84.0499,27594,35497029362
2025-01-04 18:00:00,Solana,84.3054,84.3902,84.4893,84.136,39360,35532711519
2025-01-04 19:00:00,Solana,84.3902,85.1877,85.2877,84.2882,42803,35868509321
2025-01-04 20:00:00,Solana,85.1877,84.8994,85.3259,84.6769,15405,35747124851
2025-01-04 21:00:00,Solana,84.8994,85.0009,85.1624,84.8271,38554,35789839269
2025-01-04 22:00:00,Solana,85.0009,86.6003,86.7066,84.7809,4388,36463286686
2025-01-04 23:00:00,Solana,86.6003,86.1227,86.895,85.9048,26487,36262174410
2025-01-05 00:00:00,Solana,86.1227,87.1352,87.1578,85.8664,921,36688490709
2025-01-05 01:00:00,Solana,87.1352,88.0862,88.1074,86.9316,18140,37088916938
2025-01-05 02:00:00,Solana,88.0862,88.2897,88.4562,87.6732,45970,37174612186
2025-01-05 03:00:00,Solana,88.2897,86.8585,88.56,86.6276,18097,36571987235
2025-01-05 04:00:00,Solana,86.8585,86.1732,86.941,86.0316,22137,36283470559
2025-01-05 05:00:00,Solana,86.1732,86.3965,86.4798,85.9164,23554,36377488660
2025-01-05 06:00:00,Solana,86.3965,86.0576,86.7819,85.2046,8137,36234774223
2025-01-05 07:00:00,Solana,86.0576,85.1543,86.2835,85.0851,30651,35854440951
2025-01-05 08:00:00,Solana,85.1543,84.6238,85.2909,84.059,38273,35631072477
2025-01-05 09:00:00,Solana,84.6238,86.0472,86.0652,84.3913,25327,36230390252
2025-01-05 10:00:00,Solana,86.0472,85.318,86.366,85.2772,16899,35923365576
2025-01-05 11:00:00,Solana,85.318,85.1688,85.6735,84.8085,22334,35860562285
2025-01-05 12:00:00,Solana,85.1688,86.4194,86.6614,84.874,25025,36387135880
2025-01-05 13:00:00,Solana,86.4194,84.6177,86.5303,84.5987,5868,35628503878
2025-01-05 14:00:00,Solana,84.6177,85.9019,86.1657,84.165,26864,36169208269
2025-01-05 15:00:00,Solana,85.9019,85.7371,85.9731,85.6053,39877,36099824690
2025-01-05 16:00:00,Solana,85.7371,85.1595,85.9479,85.038,35756,35856650333
2025-01-05 17:00:00,Solana,85.1595,84.8626,85.3044,84.3522,53549,35731629851
2025-01-05 18:00:00,Solana,84.8626,83.947,85.0079,83.7905,30701,35346091269
2025-01-05 19:00:00,Solana,83.947,84.5693,84.6164,83.9376,17113,35608116326
2025-01-05 20:00:00,Solana,84.5693,85.6778,86.1762,84.5165,43048,36074849042
2025-01-05 21:00:00,Solana,85.6778,86.3111,86.6262,85.5959,28041,36341518737
2025-01-05 22:00:00,Solana,86.3111,85.546,86.4183,85.4145,30733,36019370025
2025-01-05 23:00:00,Solana,85.546,85.3184,85.6282,85.2652,31650,35923557299
2025-01-06 00:00:00,Solana,85.3184,85.7334,85.9134,85.1665,33103,36098259918
2025-01-06 01:00:00,Solana,85.7334,85.4723,85.8926,85.469,37128,35988345759
2025-01-06 02:00:00,Solana,85.4723,86.0016,86.2991,85.2931,23399,36211189077
2025-01-06 03:00:00,Solana,86.0016,85.5017,86.1983,85.3373,39904,36000711295
2025-01-06 04:00:00,Solana,85.5017,86.8754,87.2459,85.3976,30786,36579102695
2025-01-06 05:00:00,Solana,86.8754,88.021,88.0393,86.8119,47983,37061453179
2025-01-06 06:00:00,Solana,88.021,87.2742,88.1763,87.2551,30750,36747050783
2025-01-06 07:00:00,Solana,87.2742,87.8546,87.9986,86.9221,26558,36991398822
2025-01-06 08:00:00,Solana,87.8546,88.9778,89.2627,87.7407,31685,37464354605
2025-01-06 09:00:00,Solana,88.9778,85.9271,89.2361,85.9236,37702,36179821950
2025-01-06 10:00:00,Solana,85.9271,85.9039,86.0065,85.7084,20879,36170067191
2025-01-06 11:00:00,Solana,85.9039,86.4776,86.5826,85.6049,29806,36411636510
2025-01-06 12:00:00,Solana,86.4776,85.5776,86.8653,85.5342,33616,36032654939
2025-01-06 13:00:00,Solana,85.5776,85.5329,85.8443,85.5275,13808,36013854826
2025-01-06 14:00:00,Solana,85.5329,85.5828,85.6177,85.5285,38932,36034851872
2025-01-06 15:00:00,Solana,85.5828,85.1982,85.9667,85.0356,22948,35872932598
2025-01-06 16:00:00,Solana,85.1982,85.0295,85.6005,85.0261,33095,35801888156
2025-01-06 17:00:00,Solana,85.0295,85.612,85.9081,84.7485,38408,36047144503
2025-01-06 18:00:00,Solana,85.612,85.9963,86.1074,84.9517,21228,36208969375
2025-01-06 19:00:00,Solana,85.9963,85.2926,86.3036,84.7911,19087,35912660412
2025-01-06 20:00:00,Solana,85.2926,84.7696,85.3319,84.5211,19039,35692478880
2025-01-06 21:00:00,Solana,84.7696,85.3361,85.8565,84.5784,22755,35930989243
2025-01-06 22:00:00,Solana,85.3361,84.4915,85.3512,84.1705,20053,35575389206
2025-01-06 23:00:00,Solana,84.4915,83.3871,84.9076,82.873,18509,35110350670
2025-01-07 00:00:00,Solana,83.3871,81.5951,83.7867,81.5749,40157,34355844082
2025-01-07 01:00:00,Solana,81.5951,80.5992,81.7234,80.1891,27590,33936520762
2025-01-07 02:00:00,Solana,80.5992,80.6481,80.8233,80.3249,27971,33957105971
2025-01-07 03:00:00,Solana,80.6481,80.5387,81.085,80.3206,41856,33911019746
2025-01-07 04:00:00,Solana,80.5387,79.8432,80.7499,79.3792,24693,33618201759
2025-01-07 05:00:00,Solana,79.8432,79.959,79.972,79.6808,44520,33666957206
2025-01-07 06:00:00,Solana,79.959,81.3674,81.6156,79.7301,39067,34259951730
2025-01-07 07:00:00,Solana,81.3674,82.3366,82.6306,81.3513,45830,34668021300
2025-01-07 08:00:00,Solana,82.3366,81.6094,82.7138,81.2951,29458,34361856688
2025-01-07 09:00:00,Solana,81.6094,82.0683,82.6948,81.47,17326,34555078265
2025-01-07 10:00:00,Solana,82.0683,82.3666,82.4764,82.0651,36959,34680655502
2025-01-07 11:00:00,Solana,82.3666,82.297,82.5947,82.2937,23737,34651383746
2025-01-07 12:00:00,Solana,82.297,81.1106,82.5372,80.9743,24693,34151832522
2025-01-07 13:00:00,Solana,81.1106,81.2014,81.2267,81.0997,21764,34190056992
2025-01-07 14:00:00,Solana,81.2014,80.0286,81.3327,79.6828,18779,33696269675
2025-01-07 15:00:00,Solana,80.0286,79.0462,80.3117,78.6297,26740,33282630921
2025-01-07 16:00:00,Solana,79.0462,78.2752,79.2169,78.2244,19859,32957998878
2025-01-07 17:00:00,Solana,78.2752,77.5385,78.307,77.3775,21363,32647802761
2025-01-07 18:00:00,Solana,77.5385,76.9197,78.2708,76.8947,35235,32387252362
2025-01-07 19:00:00,Solana,76.9197,75.7918,77.0078,75.7552,24981,31912338840
2025-01-07 20:00:00,Solana,75.7918,76.2954,76.8416,75.226,28844,32124394437
2025-01-07 21:00:00,Solana,76.2954,77.6912,77.7227,76.2952,27101,32712083331
2025-01-07 22:00:00,Solana,77.6912,77.6994,77.7525,77.2636,26156,32715541534
2025-01-07 23:00:00,Solana,77.6994,77.9393,78.0857,77.2477,15478,32816544551
2025-01-08 00:00:00,Solana,77.9393,76.7357,78.3265,76.6501,30246,32309752922
2025-01-08 01:00:00,Solana,76.7357,75.2074,76.7966,75.0719,30092,31666259636
2025-01-08 02:00:00,Solana,75.2074,75.0623,75.3226,74.7265,24042,31605182030
2025-01-08 03:00:00,Solana,75.0623,74.6846,75.2954,74.2744,27616,31446162295
2025-01-08 04:00:00,Solana,74.6846,73.3912,74.919,73.2855,10490,30901537600
2025-01-08 05:00:00,Solana,73.3912,72.7691,73.7101,72.5719,28644,30639613448
2025-01-08 06:00:00,Solana,72.7691,72.7126,72.8009,72.6064,29044,30615844501
2025-01-08 07:00:00,Solana,72.7126,72.8194,73.0114,72.7002,12557,30660810007
2025-01-08 08:00:00,Solana,72.8194,73.7751,74.0797,72.4982,46155,31063208592
2025-01-08 09:00:00,Solana,73.7751,74.8881,74.9754,73.7045,28991,31531846479
2025-01-08 10:00:00,Solana,74.8881,75.1108,75.6434,74.6666,39455,31625583277
2025-01-08 11:00:00,Solana,75.1108,76.6902,76.8454,75.0927,50336,32290611347
2025-01-08 12:00:00,Solana,76.6902,75.0703,77.01,74.6743,14651,31608533925
2025-01-08 13:00:00,Solana,75.0703,74.8716,75.497,74.6992,29833,31524881677
2025-01-08 14:00:00,Solana,74.8716,75.9066,75.9889,74.6757,26575,31960654892
2025-01-08 15:00:00,Solana,75.9066,76.7273,76.7778,75.6441,14653,32306231816
2025-01-08 16:00:00,Solana,76.7273,76.0085,76.7725,75.6396,50902,32003569358
2025-01-08 17:00:00,Solana,76.0085,75.8893,76.0738,75.5778,27760,31953397938
2025-01-08 18:00:00,Solana,75.8893,77.1618,77.4508,75.8348,37190,32489167257
2025-01-08 19:00:00,Solana,77.1618,75.6646,77.5706,75.0877,42819,31858782902
2025-01-08 20:00:00,Solana,75.6646,73.02,75.6886,72.7474,25618,30745258963
2025-01-08 21:00:00,Solana,73.02,72.5898,73.2639,72.4065,32082,30564119579
2025-01-08 22:00:00,Solana,72.5898,72.2662,72.7807,72.2202,16352,30427890805
2025-01-08 23:00:00,Solana,72.2662,71.4544,72.4731,71.1167,32664,30086042280
2025-01-09 00:00:00,Solana,71.4544,71.3251,71.6249,71.0366,30088,30031608797
2025-01-09 01:00:00,Solana,71.3251,71.0182,71.6019,70.8246,29775,29902393968
2025-01-09 02:00:00,Solana,71.0182,71.2627,71.4213,70.4165,2601,30005364274
2025-01-09 03:00:00,Solana,71.2627,70.5113,71.4099,70.4995,22480,29688955034
2025-01-09 04:00:00,Solana,70.5113,69.2638,70.5712,68.8246,21090,29163698378
2025-01-09 05:00:00,Solana,69.2638,70.3245,70.3881,68.9706,39513,29610335315
2025-01-09 06:00:00,Solana,70.3245,68.946,70.7604,68.8693,37969,29029880041
2025-01-09 07:00:00,Solana,68.946,67.8221,69.2032,67.586,42165,28556690642
2025-01-09 08:00:00,Solana,67.8221,68.0697,68.2689,67.7491,45749,28660927018
2025-01-09 09:00:00,Solana,68.0697,69.1958,69.3936,67.709,19708,29135077898
2025-01-09 10:00:00,Solana,69.1958,69.7463,69.8229,69.155,30873,29366875226
2025-01-09 11:00:00,Solana,69.7463,69.5814,69.9736,69.5247,17987,29297447650
2025-01-09 12:00:00,Solana,69.5814,70.0633,70.155,69.5811,13019,29500324547
2025-01-09 13:00:00,Solana,70.0633,68.4102,70.1149,68.2015,36692,28804302057
2025-01-09 14:00:00,Solana,68.4102,69.0362,69.2772,68.295,20796,29067855136
2025-01-09 15:00:00,Solana,69.0362,69.4876,69.8387,68.8732,9749,29257949408
2025-01-09 16:00:00,Solana,69.4876,69.517,69.8512,69.355,15469,29270301956
2025-01-09 17:00:00,Solana,69.517,69.989,70.4284,69.2628,19513,29469066405
2025-01-09 18:00:00,Solana,69.989,70.6408,70.6575,69.82,41190,29743487725
2025-01-09 19:00:00,Solana,70.6408,70.1611,70.8097,69.8276,28609,29541525106
2025-01-09 20:00:00,Solana,70.1611,70.4203,70.423,69.9407,33202,29650673432
2025-01-09 21:00:00,Solana,70.4203,70.9669,71.3532,70.2766,34869,29880806076
2025-01-09 22:00:00,Solana,70.9669,70.7003,71.1201,70.3151,28227,29768551446
2025-01-09 23:00:00,Solana,70.7003,69.7414,70.8006,69.6073,20192,29364780865
2025-01-10 00:00:00,Solana,69.7414,70.0153,70.4438,69.665,49843,29480144051
2025-01-10 01:00:00,Solana,70.0153,70.7569,71.0235,69.8544,23735,29792399556
2025-01-10 02:00:00,Solana,70.7569,70.7972,70.9754,70.2852,50211,29809327802
2025-01-10 03:00:00,Solana,70.7972,71.6026,71.6036,70.523,29303,30148451145
2025-01-10 04:00:00,Solana,71.6026,72.6724,73.3534,71.3939,43461,30598894257
2025-01-10 05:00:00,Solana,72.6724,73.0292,73.3667,72.4329,46021,30749142270
2025-01-10 06:00:00,Solana,73.0292,71.2272,73.2161,70.8755,41073,29990395344
2025-01-10 07:00:00,Solana,71.2272,71.5837,71.599,70.9261,23146,30140500246
2025-01-10 08:00:00,Solana,71.5837,72.1564,72.2701,71.4237,38538,30381621321
2025-01-10 09:00:00,Solana,72.1564,70.5549,72.5701,70.4491,26084,29707323625
2025-01-10 10:00:00,Solana,70.5549,72.0131,72.1656,70.2089,29245,30321301103
2025-01-10 11:00:00,Solana,72.0131,71.1282,72.1714,71.1026,20502,29948695880
2025-01-10 12:00:00,Solana,71.1282,71.9644,72.225,71.0395,37985,30300799434
2025-01-10 13:00:00,Solana,71.9644,72.0894,72.3601,71.8253,28113,30353436233
2025-01-10 14:00:00,Solana,72.0894,71.7551,72.1999,71.4394,11439,30212658643
2025-01-10 15:00:00,Solana,71.7551,72.3166,72.5215,71.6957,26509,30449095977
2025-01-10 16:00:00,Solana,72.3166,72.7739,73.07,71.9093,31171,30641648699
2025-01-10 17:00:00,Solana,72.7739,71.8268,72.8504,71.6016,15492,30242847270
2025-01-10 18:00:00,Solana,71.8268,71.8811,71.9054,71.7154,53056,30265735319
2025-01-10 19:00:00,Solana,71.8811,73.3251,73.5317,71.8796,35819,30873729452
2025-01-10 20:00:00,Solana,73.3251,73.2425,73.6639,73.0143,24422,30838953346
2025-01-10 21:00:00,Solana,73.2425,73.5059,73.5738,73.1636,30367,30949862110
2025-01-10 22:00:00,Solana,73.5059,72.8953,74.0654,72.7787,38982,30692773274
2025-01-10 23:00:00,Solana,72.8953,73.4087,73.6946,72.638,39599,30908938927
